{
  "version": 1,
  "author": "Tejasvi K Y",
  "editor": "wokwi",
  "parts": [
    { "type": "wokwi-arduino-uno", "id": "uno", "top": -76.2, "left": 66.6, "attrs": {} },
    { "type": "board-mfrc522", "id": "rfid1", "top": -98.65, "left": -188.56, "attrs": {} },
    {
      "type": "wokwi-lcd1602",
      "id": "lcd1",
      "top": 208,
      "left": 159.2,
      "attrs": { "pins": "i2c" }
    },
    {
      "type": "wokwi-buzzer",
      "id": "bz1",
      "top": -199.2,
      "left": 376.2,
      "attrs": { "volume": "0.1" }
    },
    { "type": "wokwi-ds1307", "id": "rtc1", "top": -15, "left": 460.9, "attrs": {} }
  ],
  "connections": [
    [ "rfid1:SDA", "uno:10", "green", [ "h-28.8", "v-76.8", "h384" ] ],
    [ "rfid1:SCK", "uno:13", "green", [ "h-57.6", "v-67.2", "h460.8" ] ],
    [ "rfid1:MOSI", "uno:11", "green", [ "h-38.4", "v-115.2", "h499.2" ] ],
    [ "rfid1:RST", "uno:9", "green", [ "h-38.4", "v57.6", "h432" ] ],
    [ "rfid1:GND", "uno:GND.1", "black", [ "h-28.8", "v96" ] ],
    [ "rfid1:3.3V", "uno:3.3V", "green", [ "h-28.8", "v134.4", "h432" ] ],
    [ "uno:GND.2", "lcd1:GND", "black", [ "v47.9", "h-111.3", "v67.2" ] ],
    [ "lcd1:VCC", "uno:5V", "red", [ "h-57.6", "v-95.9", "h115.2" ] ],
    [ "lcd1:SDA", "uno:A4", "green", [ "h-28.8", "v-86.2", "h182.4" ] ],
    [ "lcd1:SCL", "uno:A5", "green", [ "h-48", "v-86.1", "h9.6" ] ],
    [ "uno:8", "bz1:2", "green", [ "v-28.8", "h0.4" ] ],
    [ "bz1:1", "uno:GND.1", "green", [ "v9.6", "h-230.4" ] ],
    [ "rfid1:MISO", "uno:12", "green", [ "h-67.2", "v-115.2", "h451.2", "v19.2" ] ],
    [ "rtc1:GND", "uno:GND.1", "black", [ "h-67.2", "v-86.4", "h-76.8" ] ],
    [ "rtc1:SDA", "uno:A4", "green", [ "h-28.8", "v143.7", "h-134.4" ] ],
    [ "uno:A5", "rtc1:SCL", "green", [ "v38.3", "h109.9", "v-124.8" ] ],
    [ "rtc1:5V", "uno:VIN", "red", [ "h-76.8", "v124.4", "h-144" ] ]
  ],
  "dependencies": {}
}